customerId,name,registrationNumber,region,segment,status,turnover,riskScore,sicCode
CUST-00001,Nelspruit Engineering,1981/877572/07,Free State,SME,banked,70199195.3,0.11,7120
CUST-00002,Highveld Chemicals,2007/133326/07,Gauteng,SME,banked,116714116.25,0.6,7120
CUST-00003,Reef Motors,2021/835392/07,Northern Cape,SME,banked,224879918.62,0.28,1110
CUST-00004,Golden Motors,2007/456778/07,Free State,SME,banked,478627929.57,0.34,2310
CUST-00005,Bryanston Engineering,2002/988662/07,Mpumalanga,Mid-Corp,banked,403660572.5,0.73,7120
CUST-00006,Drakensberg Consulting,2004/182627/07,Northern Cape,SME,banked,314505579.85,0.88,6110
CUST-00007,Port Elizabeth Manufacturing,1984/148050/07,Eastern Cape,Mid-Corp,banked,492618149.57,0.85,2520
CUST-00008,Bryanston Holdings,2009/766563/07,Mpumalanga,SME,banked,177957714.76,0.67,2310
CUST-00009,Bloemfontein Textiles,1990/660086/07,Eastern Cape,SME,banked,190037993.16,0.98,7120
CUST-00010,Sunrise Pharma,2000/983794/07,Gauteng,SME,banked,16534071.83,0.32,4923
CUST-00011,Karoo Manufacturing,2016/852787/07,Mpumalanga,SME,banked,249866014.12,0.88,6420
CUST-00012,Lowveld Holdings,1988/358607/07,Northern Cape,SME,banked,373633398.92,0.43,8610
CUST-00013,Rivonia Services,1994/245051/07,Northern Cape,SME,banked,378013187.69,0.85,2710
CUST-00014,Nelspruit Agriculture,2023/542666/07,Western Cape,SME,banked,298146269.97,0.47,4923
CUST-00015,Mossel Bay Capital,1980/813328/07,Western Cape,Mid-Corp,banked,268716680.04,0.27,5610
CUST-00016,Drakensberg Investments,2007/265840/07,North West,SME,banked,361184984.62,0.72,7111
CUST-00017,Cape Foods,1986/755674/07,Free State,Mid-Corp,banked,254077609.55,0.2,6110
CUST-00018,Golden Retail,2013/100599/07,Mpumalanga,SME,banked,56377928.8,0.37,5510
CUST-00019,Ubuntu Logistics,1995/694916/07,Western Cape,SME,banked,243252236.43,0.08,7120
CUST-00020,Waterberg Mining,2022/598369/07,Northern Cape,SME,banked,264073056.82,0.6,4520
CUST-00021,Hermanus Exports,2024/310922/07,Free State,SME,banked,336007636.34,0.38,7111
CUST-00022,Umhlanga Engineering,1995/335612/07,Western Cape,SME,banked,294360204.87,0.24,4711
CUST-00023,Azania Construction,2020/161733/07,Eastern Cape,SME,banked,16190772.55,0.33,7111
CUST-00024,Ubuntu Holdings,2022/608993/07,Eastern Cape,SME,banked,361814606.66,0.87,8610
CUST-00025,Stellenbosch Properties,2010/946721/07,Limpopo,SME,banked,48916941.71,0.43,6411
CUST-00026,Bedfordview Transport,1983/806073/07,Western Cape,SME,banked,364242687.43,0.79,2520
CUST-00027,Ubuntu Manufacturing,1992/662336/07,North West,SME,banked,92152273.88,0.46,2310
CUST-00028,Umhlanga Imports,2015/202664/07,Gauteng,Mid-Corp,banked,270523675.08,0.02,2310
CUST-00029,Ubuntu Agriculture,2006/609231/07,North West,SME,banked,200819626.13,0.07,6201
CUST-00030,Azania Enterprises,1996/922157/07,North West,SME,banked,348447456.05,0.73,7120
CUST-00031,Mahikeng Motors,2011/262316/07,Eastern Cape,SME,banked,484370327.8,0.58,7120
CUST-00032,Table Mountain Freight,2000/159942/07,Gauteng,SME,banked,251673766.27,0.85,4100
CUST-00033,Table Mountain Foods,1985/992697/07,KwaZulu-Natal,SME,banked,34446451.26,0.85,6201
CUST-00034,Drakensberg Finance,2016/358175/07,Gauteng,Mid-Corp,banked,209902845.21,0.58,7111
CUST-00035,Midrand Consulting,1996/314181/07,Mpumalanga,SME,banked,198195030.47,0.67,5510
CUST-00036,Ballito Solutions,1984/109767/07,North West,Mid-Corp,banked,281715326.0,0.11,7120
CUST-00037,Valley Foods,1996/238890/07,Mpumalanga,Mid-Corp,banked,439695486.12,0.37,4100
CUST-00038,Umhlanga Group,2014/837715/07,Free State,Mid-Corp,banked,493622915.28,0.65,1110
CUST-00039,Mahikeng Group,2015/413921/07,Western Cape,Large Corp,banked,67578411.64,0.12,2520
CUST-00040,Mossel Bay Mining,1997/395442/07,Eastern Cape,Mid-Corp,banked,102196857.51,0.63,4923
CUST-00041,Franschhoek Energy,1996/987204/07,Gauteng,SME,banked,212076098.4,0.28,1110
CUST-00042,Centurion Exports,1988/768061/07,Free State,SME,banked,221196838.17,0.7,7120
CUST-00043,Azania Engineering,1984/824586/07,KwaZulu-Natal,SME,banked,417380212.43,0.58,2710
CUST-00044,Kempton Mining,1982/423232/07,Mpumalanga,Mid-Corp,banked,398163091.29,0.85,6110
CUST-00045,Valley Pharma,1995/799330/07,Western Cape,SME,banked,280161817.81,0.87,9700
CUST-00046,Lowveld Consulting,1995/270395/07,KwaZulu-Natal,Mid-Corp,banked,12880787.77,0.73,5610
CUST-00047,Bedfordview Imports,2022/870763/07,Eastern Cape,SME,banked,393793567.31,0.12,1512
CUST-00048,Reef Group,2009/466643/07,Free State,Mid-Corp,banked,435725856.41,0.23,4520
CUST-00049,Rivonia Solutions,1997/172792/07,Free State,SME,banked,254948134.93,0.68,7120
CUST-00050,Centurion Trading,1987/373903/07,KwaZulu-Natal,SME,banked,491783511.16,0.05,9700
CUST-00051,Kempton Services,2000/557592/07,Northern Cape,SME,banked,449802614.09,0.2,1512
CUST-00052,Kempton Trading,2013/945687/07,Northern Cape,Mid-Corp,banked,470161428.64,0.73,4520
CUST-00053,Fourways Technologies,1984/796503/07,Mpumalanga,Mid-Corp,banked,331862044.39,0.13,5510
CUST-00054,Franschhoek Investments,2022/528231/07,Mpumalanga,SME,banked,148179773.66,0.13,6411
CUST-00055,Mahikeng Enterprises,2023/884475/07,KwaZulu-Natal,Mid-Corp,banked,150824462.35,0.55,1110
CUST-00056,Rosebank Investments,1993/550770/07,Mpumalanga,SME,banked,221358819.75,0.22,6810
CUST-00057,Golden Pharma,1985/397571/07,Northern Cape,Mid-Corp,banked,309820772.28,0.1,4711
CUST-00058,Kimberley Investments,1994/945742/07,Eastern Cape,SME,banked,23583752.19,0.97,9700
CUST-00059,Karoo Transport,2006/760356/07,Eastern Cape,Mid-Corp,banked,192297244.46,0.4,2710
CUST-00060,Rustenburg Motors,1980/887443/07,Western Cape,Mid-Corp,banked,109811147.84,0.8,7111
CUST-00061,Ballito Logistics,2015/361303/07,Western Cape,SME,banked,400807592.56,0.66,7120
CUST-00062,Bloemfontein Solutions,2008/742412/07,Northern Cape,SME,banked,453473937.86,0.45,4100
CUST-00063,Stellenbosch Transport,1996/888295/07,Eastern Cape,Mid-Corp,banked,139017020.89,0.77,6810
CUST-00064,Nelspruit Properties,1997/561239/07,Western Cape,Mid-Corp,banked,117629542.22,0.34,7120
CUST-00065,Highveld Mining,1989/342495/07,Limpopo,Mid-Corp,banked,353356361.28,0.07,6411
CUST-00066,Centurion Retail,2009/535970/07,Gauteng,SME,banked,210361687.13,0.9,8610
CUST-00067,Upington Trading,2016/498858/07,North West,SME,banked,176203521.93,0.75,6411
CUST-00068,Hermanus Freight,2014/938722/07,Eastern Cape,SME,banked,136831188.23,0.49,6201
CUST-00069,Centurion Pharma,2023/936912/07,Limpopo,Mid-Corp,banked,420332578.7,0.91,9700
CUST-00070,Hermanus Trading,2005/720644/07,Gauteng,SME,banked,214592078.45,0.86,4100
CUST-00071,Table Mountain Holdings,2004/443254/07,Eastern Cape,SME,banked,169081523.76,0.87,4923
CUST-00072,Bedfordview Holdings,1985/593152/07,Gauteng,Mid-Corp,banked,26516761.32,0.94,4711
CUST-00073,Rustenburg Construction,2021/142213/07,Gauteng,Large Corp,banked,100080660.84,0.03,2710
CUST-00074,Ubuntu Mining,2010/801978/07,Western Cape,SME,banked,109373288.18,0.7,6110
CUST-00075,Golden Steel,2018/884256/07,Western Cape,Mid-Corp,banked,82301022.18,0.31,8610
CUST-00076,Protea Consulting,1999/703766/07,Limpopo,SME,banked,357649845.17,0.08,4711
CUST-00077,Bushveld Motors,1999/991597/07,Western Cape,Mid-Corp,banked,283183311.41,0.05,7120
CUST-00078,Kempton Pharma,2003/172306/07,Northern Cape,Mid-Corp,banked,6819749.01,0.42,6810
CUST-00079,Bushveld Technologies,2003/766459/07,North West,Mid-Corp,banked,218025828.93,0.73,4923
CUST-00080,Polokwane Imports,2014/912270/07,North West,SME,banked,412954431.91,0.59,5610
CUST-00081,Ubuntu Group,1985/392477/07,North West,SME,banked,232621879.07,0.61,6201
CUST-00082,Paarl Capital,2000/290672/07,North West,SME,banked,399017262.24,0.34,9700
CUST-00083,Upington Finance,1997/682789/07,Gauteng,SME,banked,95932683.55,0.25,6411
CUST-00084,Paarl Retail,1995/824156/07,North West,Mid-Corp,banked,245665256.87,0.79,2310
CUST-00085,Sandton Properties,2005/825391/07,Eastern Cape,SME,banked,290987014.87,0.47,7111
CUST-00086,Menlyn Technologies,2015/446859/07,Mpumalanga,Mid-Corp,banked,135822755.27,0.26,2520
CUST-00087,Reef Solutions,1987/878967/07,Northern Cape,Large Corp,banked,345236695.29,0.2,6810
CUST-00088,Berea Freight,2017/897135/07,Northern Cape,SME,banked,490265059.92,0.83,5510
CUST-00089,Sunrise Services,1991/416950/07,Gauteng,Mid-Corp,banked,63728188.44,0.05,1512
CUST-00090,Mossel Bay Investments,2024/232413/07,North West,SME,banked,6626568.99,0.29,6810
CUST-00091,Umhlanga Solutions,1991/153872/07,Free State,Large Corp,banked,239125729.04,0.82,6201
CUST-00092,Paarl Construction,2016/760021/07,Gauteng,SME,banked,405665467.1,0.94,2310
CUST-00093,Ubuntu Engineering,2015/901577/07,Limpopo,Mid-Corp,banked,395475044.51,0.23,7111
CUST-00094,Bryanston Transport,2008/411797/07,Limpopo,SME,banked,310703146.88,0.61,2520
CUST-00095,Valley Textiles,1993/377501/07,Western Cape,SME,banked,87319867.39,0.08,1110
CUST-00096,Upington Steel,2010/405407/07,Gauteng,SME,banked,353624437.02,0.7,6420
CUST-00097,Karoo Pharma,1994/377405/07,Eastern Cape,SME,banked,272508908.17,0.64,4923
CUST-00098,Lowveld Construction,1983/273982/07,Free State,SME,banked,412208030.51,0.91,6420
CUST-00099,Drakensberg Transport,2024/418862/07,Limpopo,Large Corp,banked,250485852.47,0.49,2310
CUST-00100,Bloemfontein Logistics,2007/870214/07,Mpumalanga,Mid-Corp,banked,13419513.75,0.23,8610
CUST-00101,East London Trading,2023/961322/07,Free State,SME,banked,381672947.58,0.18,7111
CUST-00102,Rustenburg Transport,1997/290305/07,Limpopo,Mid-Corp,banked,246117038.19,0.1,6110
CUST-00103,Bedfordview Solutions,2000/802685/07,Western Cape,Mid-Corp,banked,165236929.96,0.69,5510
CUST-00104,Mossel Bay Logistics,2009/192337/07,Mpumalanga,SME,banked,58402839.91,0.77,7111
CUST-00105,Azania Pharma,2014/584417/07,Limpopo,SME,banked,259460476.53,0.62,6810
CUST-00106,Nelspruit Transport,1983/313446/07,Free State,SME,banked,463872544.04,0.44,6810
CUST-00107,Drakensberg Trading,2020/738448/07,Eastern Cape,Mid-Corp,banked,155719694.13,0.02,6411
CUST-00108,Highveld Properties,1987/583863/07,Western Cape,Mid-Corp,banked,77408576.65,0.92,5510
CUST-00109,Franschhoek Motors,1997/535673/07,North West,Large Corp,banked,122243587.58,0.55,6201
CUST-00110,Reef Consulting,2018/632929/07,KwaZulu-Natal,Mid-Corp,banked,138485577.71,0.78,6411
CUST-00111,Centurion Consulting,2012/380150/07,Gauteng,SME,banked,149628646.96,0.59,6810
CUST-00112,Lowveld Transport,2014/607868/07,Mpumalanga,SME,banked,381554902.47,0.38,5610
CUST-00113,Ubuntu Chemicals,2004/344907/07,Limpopo,SME,banked,372480223.21,0.7,6201
CUST-00114,Bryanston Pharma,2021/259493/07,North West,Large Corp,banked,63560011.77,0.96,5610
CUST-00115,Bushveld Capital,2008/204555/07,Northern Cape,Large Corp,banked,8166125.16,0.15,2710
CUST-00116,Karoo Energy,1996/455007/07,Limpopo,Mid-Corp,banked,425956763.53,0.85,7120
CUST-00117,Bryanston Solutions,2020/853629/07,North West,Mid-Corp,banked,18431600.37,0.08,5510
CUST-00118,Sunrise Freight,1985/555052/07,Western Cape,Mid-Corp,banked,352093469.25,0.11,4100
CUST-00119,Upington Investments,1981/148225/07,Mpumalanga,Mid-Corp,banked,147037204.09,0.38,2710
CUST-00120,Ubuntu Foods,2006/693418/07,KwaZulu-Natal,SME,banked,39944691.15,0.86,9700
CUST-00121,Kimberley Properties,2011/711484/07,KwaZulu-Natal,SME,banked,319133363.19,0.46,1110
CUST-00122,Ballito Finance,1998/810526/07,Northern Cape,SME,banked,221144026.91,0.35,8610
CUST-00123,Rosebank Textiles,2007/823846/07,Free State,SME,banked,151409774.43,0.99,6810
CUST-00124,Bushveld Properties,2004/699704/07,Mpumalanga,SME,banked,496349675.79,0.3,6201
CUST-00125,Berea Trading,2016/819112/07,Gauteng,Large Corp,banked,372713490.99,0.83,5510
CUST-00126,Sunrise Steel,2002/329642/07,Eastern Cape,Mid-Corp,banked,339043347.08,0.72,2710
CUST-00127,Nelspruit Textiles,1982/423939/07,North West,SME,banked,182748185.9,0.14,5510
CUST-00128,Midrand Freight,2006/284171/07,Eastern Cape,SME,banked,269934175.61,0.96,7111
CUST-00129,Franschhoek Consulting,1997/970813/07,KwaZulu-Natal,SME,banked,412432561.36,0.48,5510
CUST-00130,Centurion Imports,1987/591081/07,Western Cape,SME,banked,483266854.63,0.85,6201
CUST-00131,Mossel Bay Services,1985/929090/07,Limpopo,SME,banked,268517867.98,0.46,4923
CUST-00132,East London Enterprises,2020/489518/07,Western Cape,Mid-Corp,banked,236002695.56,0.62,7120
CUST-00133,Polokwane Properties,2021/166287/07,North West,Large Corp,banked,151443992.18,0.41,2710
CUST-00134,Springbok Logistics,1999/616554/07,Western Cape,SME,banked,443686024.61,0.14,6420
CUST-00135,Fourways Pharma,2024/666432/07,Limpopo,SME,banked,363436275.7,0.88,2520
CUST-00136,Paarl Steel,2006/393328/07,Gauteng,Mid-Corp,banked,109026207.51,0.45,4711
CUST-00137,Fourways Engineering,2023/485178/07,Northern Cape,Large Corp,banked,322590991.47,0.07,4923
CUST-00138,Reef Engineering,2009/196126/07,Eastern Cape,Mid-Corp,banked,298774406.78,0.03,5610
CUST-00139,Karoo Group,2015/317220/07,Eastern Cape,Mid-Corp,banked,116882840.18,0.77,9700
CUST-00140,Azania Holdings,1989/236306/07,Northern Cape,SME,banked,87661311.89,0.66,1110
CUST-00141,Waterberg Trading,2002/928358/07,Eastern Cape,SME,banked,8382651.21,0.27,2710
CUST-00142,Bedfordview Foods,1987/881886/07,Western Cape,SME,banked,389119511.14,0.51,2520
CUST-00143,Umhlanga Foods,1994/744986/07,Gauteng,Mid-Corp,banked,454421468.11,0.66,5510
CUST-00144,Ballito Textiles,1981/163780/07,North West,Mid-Corp,banked,213423672.83,0.12,6420
CUST-00145,Karoo Finance,1985/437758/07,KwaZulu-Natal,SME,banked,137870491.78,0.63,7120
CUST-00146,Midrand Enterprises,2018/656329/07,Free State,SME,banked,302910682.37,0.11,2520
CUST-00147,Rustenburg Textiles,2015/855855/07,Eastern Cape,SME,banked,444101465.48,0.42,6420
CUST-00148,Rivonia Technologies,1986/427730/07,Limpopo,SME,banked,127817453.34,0.94,6810
CUST-00149,Karoo Construction,1985/197758/07,Limpopo,SME,banked,369528601.25,0.81,7120
CUST-00150,Table Mountain Chemicals,2015/688967/07,Mpumalanga,Mid-Corp,banked,205698912.14,0.87,6411
CUST-00151,Table Mountain Investments,2018/427626/07,Mpumalanga,SME,banked,253952567.21,0.16,6810
CUST-00152,Sunrise Capital,1986/467121/07,Northern Cape,SME,banked,381421513.15,0.57,6411
CUST-00153,Mossel Bay Exports,2019/743378/07,Northern Cape,SME,banked,464577603.35,0.82,4923
CUST-00154,Protea Agriculture,1997/836833/07,Free State,Large Corp,banked,175836198.66,0.19,2710
CUST-00155,Port Elizabeth Pharma,2005/172965/07,KwaZulu-Natal,Mid-Corp,banked,485919254.22,0.1,7111
CUST-00156,Valley Enterprises,2006/575682/07,Mpumalanga,SME,banked,156162866.17,0.33,8610
CUST-00157,Bloemfontein Construction,1983/263137/07,KwaZulu-Natal,Mid-Corp,banked,25356364.97,0.09,6420
CUST-00158,Mahikeng Technologies,2011/736565/07,North West,SME,banked,108176698.19,0.51,6110
CUST-00159,Kempton Engineering,1998/811163/07,North West,SME,banked,154555486.23,0.23,9700
CUST-00160,Table Mountain Trading,1993/416061/07,Eastern Cape,Mid-Corp,banked,382198367.43,0.29,2520
CUST-00161,Azania Energy,2007/284229/07,KwaZulu-Natal,SME,banked,351983796.06,0.5,6110
CUST-00162,Karoo Enterprises,1982/557409/07,Gauteng,SME,banked,39392374.63,0.32,6411
CUST-00163,Port Elizabeth Enterprises,2020/537983/07,Free State,SME,banked,10917851.23,0.33,9700
CUST-00164,Ballito Group,2024/479430/07,Western Cape,SME,banked,53378635.13,0.44,6201
CUST-00165,Knysna Construction,2005/425346/07,Mpumalanga,SME,banked,389669375.37,0.08,2520
CUST-00166,Knysna Foods,1992/913934/07,Mpumalanga,SME,banked,479132562.82,0.64,2710
CUST-00167,Reef Agriculture,2018/260295/07,Western Cape,SME,banked,386537620.58,0.49,8610
CUST-00168,East London Transport,2023/691912/07,Mpumalanga,Mid-Corp,banked,313795094.75,0.16,2310
CUST-00169,Nelspruit Investments,1997/720148/07,Gauteng,SME,banked,37558232.76,0.46,1512
CUST-00170,Table Mountain Services,1998/180458/07,Western Cape,Mid-Corp,banked,253780374.76,0.46,7120
CUST-00171,Springbok Transport,2016/783501/07,Eastern Cape,SME,banked,238076699.46,0.16,1512
CUST-00172,Centurion Motors,1985/629057/07,KwaZulu-Natal,SME,banked,353957041.31,0.98,7111
CUST-00173,Knysna Steel,1990/481574/07,Mpumalanga,Large Corp,banked,194014571.48,0.77,9700
CUST-00174,Table Mountain Imports,2020/778748/07,Mpumalanga,SME,banked,47705720.78,0.67,5510
CUST-00175,Thaba Freight,2022/731977/07,KwaZulu-Natal,SME,banked,291578387.54,0.15,6110
CUST-00176,Upington Pharma,2005/235215/07,Western Cape,SME,banked,188651313.38,0.79,2710
CUST-00177,Kimberley Consulting,2013/197992/07,Limpopo,SME,banked,9606153.63,0.31,4520
CUST-00178,Paarl Manufacturing,1994/244247/07,KwaZulu-Natal,SME,banked,422291980.15,0.11,7120
CUST-00179,Knysna Logistics,2022/453123/07,KwaZulu-Natal,SME,banked,77549254.28,0.19,9700
CUST-00180,Golden Freight,2008/145814/07,Limpopo,SME,banked,359933044.06,0.96,9700
CUST-00181,Sandton Exports,2008/345369/07,Northern Cape,SME,banked,482815520.28,0.78,4520
CUST-00182,Port Elizabeth Transport,2009/906814/07,Free State,Mid-Corp,banked,251701892.4,0.42,4100
CUST-00183,Reef Imports,2018/245121/07,Free State,SME,banked,240555032.4,0.37,2520
CUST-00184,Knysna Capital,1987/398910/07,Western Cape,Mid-Corp,banked,136759254.15,0.9,2710
CUST-00185,Kempton Construction,1994/956375/07,North West,Mid-Corp,banked,465270727.6,0.42,6201
CUST-00186,Franschhoek Services,1995/504924/07,Western Cape,SME,banked,14579678.99,0.92,5610
CUST-00187,Lowveld Mining,1982/400814/07,North West,Mid-Corp,banked,69826949.56,0.7,6420
CUST-00188,Polokwane Trading,1985/119927/07,Free State,SME,banked,75185049.67,0.93,9700
CUST-00189,Knysna Technologies,1987/913875/07,Free State,SME,banked,61363248.41,0.24,9700
CUST-00190,Ballito Construction,1987/977330/07,North West,SME,banked,8709458.43,0.52,4711
CUST-00191,Lowveld Investments,2007/101640/07,Mpumalanga,SME,banked,208575513.81,0.66,2310
CUST-00192,Knysna Services,1984/651613/07,Northern Cape,SME,banked,494171577.06,0.55,6201
CUST-00193,Stellenbosch Logistics,2020/505674/07,Mpumalanga,SME,banked,8612994.44,0.78,6110
CUST-00194,Ubuntu Freight,2022/758775/07,Western Cape,Mid-Corp,banked,367725898.91,0.34,1512
CUST-00195,Menlyn Retail,2001/953025/07,KwaZulu-Natal,Mid-Corp,banked,342498941.92,0.97,6810
CUST-00196,Waterberg Construction,2009/138780/07,Free State,SME,banked,395659052.01,0.88,5610
CUST-00197,Rosebank Foods,2005/955015/07,Northern Cape,SME,banked,18792075.38,0.64,5510
CUST-00198,Menlyn Capital,1983/787584/07,Mpumalanga,SME,banked,399771534.55,0.44,6201
CUST-00199,Umhlanga Finance,2004/455505/07,KwaZulu-Natal,SME,banked,249012934.55,0.92,7111
CUST-00200,Berea Imports,1985/862400/07,Limpopo,SME,banked,301425422.77,0.82,7120
CUST-00201,Sandton Solutions,1986/183958/07,Mpumalanga,Mid-Corp,banked,153594680.12,0.6,6411
CUST-00202,Umhlanga Services,2008/144412/07,Mpumalanga,Mid-Corp,banked,217752781.79,0.64,1512
CUST-00203,Nelspruit Enterprises,2003/638009/07,KwaZulu-Natal,Large Corp,banked,71818344.45,0.61,6420
CUST-00204,Springbok Mining,1984/347459/07,Mpumalanga,SME,banked,474758822.38,0.04,2710
CUST-00205,Kimberley Transport,2003/490084/07,North West,Mid-Corp,banked,287173928.28,0.53,6201
CUST-00206,Midrand Textiles,1997/361736/07,Western Cape,SME,banked,93431000.71,0.52,7120
CUST-00207,Drakensberg Holdings,1996/838237/07,North West,SME,banked,306132652.79,0.69,6810
CUST-00208,Waterberg Capital,1984/574001/07,KwaZulu-Natal,Mid-Corp,banked,222833040.77,0.1,5610
CUST-00209,Mahikeng Services,1984/676713/07,Northern Cape,SME,banked,150328360.78,0.16,4100
CUST-00210,Fourways Foods,1994/227257/07,Eastern Cape,Mid-Corp,banked,118749724.05,0.49,6110
CUST-00211,Mossel Bay Chemicals,2003/590110/07,Northern Cape,SME,banked,442181100.19,0.07,6201
CUST-00212,Stellenbosch Foods,2006/906527/07,Limpopo,Mid-Corp,banked,37338481.1,0.96,2310
CUST-00213,Umhlanga Transport,2023/642491/07,Mpumalanga,SME,banked,414612337.2,0.55,8610
CUST-00214,Cape Exports,1988/553633/07,Northern Cape,Large Corp,banked,28178718.58,0.13,2710
CUST-00215,Rosebank Agriculture,1990/438334/07,Eastern Cape,SME,banked,470481575.44,0.89,2310
CUST-00216,Thaba Manufacturing,2020/677599/07,Free State,SME,banked,151760890.75,0.53,7111
CUST-00217,Rustenburg Agriculture,2017/708851/07,KwaZulu-Natal,SME,banked,312427354.12,0.89,5610
CUST-00218,Port Elizabeth Logistics,1981/185168/07,Gauteng,Large Corp,banked,385625673.21,0.27,4520
CUST-00219,Port Elizabeth Technologies,2019/770030/07,Gauteng,SME,banked,313768423.14,0.29,5510
CUST-00220,Kimberley Enterprises,1999/575575/07,Western Cape,Mid-Corp,banked,79461183.28,0.42,6420
CUST-00221,Valley Solutions,2018/250647/07,Mpumalanga,Mid-Corp,banked,159998538.13,0.98,6110
CUST-00222,Rivonia Mining,2003/639995/07,Northern Cape,SME,banked,121248061.54,0.13,6420
CUST-00223,Bushveld Logistics,1998/502810/07,Limpopo,SME,banked,432721097.11,0.17,5610
CUST-00224,Port Elizabeth Freight,2000/299055/07,KwaZulu-Natal,SME,banked,257605057.2,0.5,5510
CUST-00225,Paarl Trading,1985/512344/07,Northern Cape,SME,banked,120743956.01,0.58,1512
CUST-00226,Rustenburg Pharma,2010/399628/07,Northern Cape,SME,banked,54194793.64,0.14,4923
CUST-00227,Fourways Exports,2005/483713/07,Gauteng,SME,banked,285355681.12,0.2,7120
CUST-00228,Sandton Construction,2004/628750/07,North West,Mid-Corp,banked,140220478.47,0.98,9700
CUST-00229,Drakensberg Mining,1986/513037/07,Mpumalanga,Mid-Corp,banked,169873107.33,0.93,2710
CUST-00230,Reef Steel,2012/520884/07,Northern Cape,SME,banked,19937526.14,0.71,6810
CUST-00231,Knysna Transport,1989/735710/07,Northern Cape,SME,banked,465718683.4,0.32,6201
CUST-00232,Polokwane Freight,1999/722565/07,Mpumalanga,SME,banked,255102193.33,0.49,8610
CUST-00233,Rosebank Energy,1981/486251/07,Mpumalanga,Mid-Corp,banked,489959066.57,0.58,1110
CUST-00234,Bloemfontein Energy,1996/787436/07,Eastern Cape,Mid-Corp,banked,291969876.89,0.18,9700
CUST-00235,Bryanston Mining,2023/353961/07,Gauteng,SME,banked,350410195.12,0.2,6420
CUST-00236,Midrand Technologies,1989/533020/07,Eastern Cape,SME,banked,387598664.75,0.91,1512
CUST-00237,Waterberg Foods,1993/688132/07,Mpumalanga,Large Corp,banked,239446306.18,0.38,4100
CUST-00238,Ballito Consulting,2014/458955/07,Northern Cape,SME,banked,386108897.18,0.72,4923
CUST-00239,Polokwane Energy,1992/358494/07,Free State,SME,banked,112821085.48,0.96,5510
CUST-00240,Sandton Motors,1993/823769/07,North West,SME,banked,174727185.51,0.93,4923
CUST-00241,Sandton Engineering,2016/809489/07,Northern Cape,SME,banked,490090188.39,0.81,2710
CUST-00242,Sandton Logistics,1998/848831/07,Western Cape,SME,banked,221466867.88,0.26,6810
CUST-00243,Valley Manufacturing,2014/384303/07,Northern Cape,Mid-Corp,banked,69067840.92,0.61,8610
CUST-00244,Ubuntu Properties,1983/802371/07,Northern Cape,SME,banked,116801861.62,0.11,5610
CUST-00245,Stellenbosch Engineering,2023/908206/07,KwaZulu-Natal,SME,banked,275401106.61,0.92,6411
CUST-00246,Rustenburg Consulting,2010/600641/07,Eastern Cape,Mid-Corp,banked,143978896.26,0.29,1512
CUST-00247,Highveld Textiles,2016/343500/07,Northern Cape,Mid-Corp,banked,425241384.24,0.05,4100
CUST-00248,Bedfordview Finance,1991/138105/07,Limpopo,Mid-Corp,banked,93562660.15,0.74,5510
CUST-00249,Springbok Trading,1999/695551/07,Western Cape,Large Corp,banked,167853535.79,0.46,7120
CUST-00250,Knysna Energy,1988/992400/07,Northern Cape,SME,banked,96809293.44,0.12,4100
CUST-00251,Thaba Motors,1991/114768/07,Mpumalanga,Mid-Corp,banked,284106720.6,0.75,4100
CUST-00252,Polokwane Capital,2020/525187/07,Limpopo,SME,banked,43825516.04,0.67,4100
CUST-00253,Waterberg Energy,2000/360096/07,Gauteng,SME,banked,118142865.77,0.75,5610
CUST-00254,Rosebank Chemicals,2016/111991/07,Free State,Mid-Corp,banked,346537910.92,0.07,2520
CUST-00255,Ballito Investments,1990/525110/07,Northern Cape,Large Corp,banked,443956806.3,0.76,2520
CUST-00256,Nelspruit Consulting,1998/485397/07,Eastern Cape,SME,banked,67217606.71,0.16,9700
CUST-00257,Upington Retail,2010/894139/07,Northern Cape,Mid-Corp,banked,412888952.79,0.76,9700
CUST-00258,Highveld Foods,2008/653829/07,Mpumalanga,SME,banked,282302276.78,0.07,7120
CUST-00259,Franschhoek Manufacturing,2016/662728/07,KwaZulu-Natal,SME,banked,427315760.69,0.44,4520
CUST-00260,East London Energy,1985/635167/07,North West,Mid-Corp,banked,226989433.94,0.51,6420
CUST-00261,Mossel Bay Transport,2023/946112/07,Free State,Mid-Corp,banked,198276380.62,0.81,4520
CUST-00262,East London Construction,1982/544278/07,Mpumalanga,Mid-Corp,banked,270811170.29,0.07,2310
CUST-00263,Sandton Technologies,1991/906325/07,KwaZulu-Natal,Mid-Corp,banked,489177475.82,0.64,6411
CUST-00264,Fourways Finance,2004/570325/07,Limpopo,SME,banked,341523811.87,0.66,7120
CUST-00265,Waterberg Textiles,2002/224395/07,KwaZulu-Natal,Large Corp,banked,196832786.58,0.13,4711
CUST-00266,Azania Exports,1981/412856/07,North West,Mid-Corp,banked,272450446.84,0.53,4711
CUST-00267,Ubuntu Transport,2002/262656/07,Free State,SME,banked,437666483.22,0.76,1512
CUST-00268,Polokwane Exports,1981/352356/07,Eastern Cape,SME,banked,297175101.67,0.45,1512
CUST-00269,Springbok Enterprises,2008/345722/07,Northern Cape,SME,banked,431933256.21,0.07,7111
CUST-00270,Port Elizabeth Solutions,2016/726962/07,Mpumalanga,SME,banked,438191031.93,0.98,7111
CUST-00271,Sunrise Technologies,1999/388519/07,Gauteng,SME,banked,296037727.56,0.73,4100
CUST-00272,Nelspruit Pharma,2007/682851/07,North West,SME,banked,172535207.47,0.64,6201
CUST-00273,Knysna Solutions,2024/536548/07,Limpopo,SME,banked,188541864.16,0.75,6810
CUST-00274,Ubuntu Capital,1994/415344/07,KwaZulu-Natal,Mid-Corp,banked,457413216.32,0.56,6411
CUST-00275,Mossel Bay Foods,1988/507286/07,Eastern Cape,SME,banked,165466365.32,0.09,6420
CUST-00276,Fourways Construction,2014/859782/07,Eastern Cape,SME,banked,188895403.49,0.6,1512
CUST-00277,East London Freight,2022/685997/07,Eastern Cape,SME,banked,434802188.84,0.34,1110
CUST-00278,Valley Consulting,1992/877493/07,Western Cape,Mid-Corp,banked,377288206.1,0.91,9700
CUST-00279,Ubuntu Retail,2000/913185/07,Free State,SME,banked,267058238.64,0.36,4923
CUST-00280,Paarl Transport,1986/941814/07,North West,Mid-Corp,banked,160456525.75,0.21,5610
CUST-00281,Bedfordview Logistics,2016/332022/07,KwaZulu-Natal,SME,banked,276879125.99,0.58,6411
CUST-00282,Sandton Mining,1992/445888/07,Eastern Cape,SME,banked,416764676.29,0.5,5610
CUST-00283,Thaba Exports,2011/858705/07,North West,SME,banked,366519732.39,0.36,2710
CUST-00284,Hermanus Energy,1991/668471/07,Gauteng,SME,banked,419614712.55,0.08,1512
CUST-00285,Azania Technologies,1988/983472/07,Eastern Cape,SME,banked,75939308.41,0.22,6420
CUST-00286,Fourways Logistics,2019/768706/07,North West,Mid-Corp,banked,8358017.55,0.53,6411
CUST-00287,Azania Trading,2013/857273/07,Free State,SME,banked,143700924.0,0.5,6411
CUST-00288,Cape Engineering,1986/649857/07,KwaZulu-Natal,SME,banked,310080530.78,0.26,6110
CUST-00289,Rivonia Construction,2003/525750/07,North West,SME,banked,495121399.3,0.23,2310
CUST-00290,Rustenburg Capital,2021/896483/07,Gauteng,SME,banked,189942379.11,0.55,1512
CUST-00291,Nelspruit Trading,2024/279708/07,Western Cape,SME,banked,217237871.16,0.78,8610
CUST-00292,Bushveld Finance,2013/144618/07,Eastern Cape,SME,banked,434124386.85,0.88,6810
CUST-00293,Berea Logistics,1984/817675/07,Free State,Mid-Corp,banked,281973177.09,0.04,5610
CUST-00294,Protea Manufacturing,2017/251195/07,Limpopo,Large Corp,banked,149988806.35,0.56,8610
CUST-00295,Hermanus Solutions,2004/892313/07,KwaZulu-Natal,Mid-Corp,banked,344810615.32,0.09,6110
CUST-00296,Table Mountain Engineering,2007/343420/07,Western Cape,SME,banked,384618323.86,0.95,6201
CUST-00297,Midrand Trading,2020/386604/07,North West,SME,banked,178227693.25,0.93,6411
CUST-00298,Cape Pharma,2017/792764/07,Limpopo,SME,banked,309498637.18,0.79,2310
CUST-00299,Highveld Holdings,1989/498458/07,KwaZulu-Natal,Mid-Corp,banked,158680775.23,0.11,1110
CUST-00300,Rosebank Transport,2003/898329/07,Free State,SME,banked,44104967.56,0.43,7120
CUST-00301,Bedfordview Engineering,1981/193972/07,Mpumalanga,SME,banked,298663815.37,0.78,6201
CUST-00302,Azania Investments,2006/506637/07,Western Cape,Mid-Corp,banked,279988504.61,0.98,4711
CUST-00303,Port Elizabeth Foods,1990/818605/07,Limpopo,SME,banked,134825022.28,0.27,2710
CUST-00304,Karoo Agriculture,2007/389366/07,Limpopo,SME,banked,391441978.77,0.36,4711
CUST-00305,Nelspruit Energy,2018/746624/07,Eastern Cape,SME,banked,68177018.08,0.02,6201
CUST-00306,Centurion Group,2019/498343/07,Mpumalanga,SME,banked,215592802.36,0.82,9700
CUST-00307,Waterberg Investments,2000/732512/07,Eastern Cape,SME,banked,89229817.02,0.4,5610
CUST-00308,Sandton Freight,2024/763646/07,North West,Large Corp,banked,391096197.62,0.33,4923
CUST-00309,East London Retail,1991/814827/07,Northern Cape,SME,banked,363743075.22,0.93,4520
CUST-00310,Sandton Group,2024/172518/07,Limpopo,Mid-Corp,banked,70019971.79,0.31,4923
CUST-00311,Mahikeng Mining,2007/927406/07,Limpopo,SME,banked,495354956.91,0.48,6201
CUST-00312,Hermanus Foods,2024/538620/07,Northern Cape,SME,banked,484229806.35,0.7,7120
CUST-00313,Highveld Engineering,1995/789545/07,Mpumalanga,SME,banked,306532612.21,0.56,6201
CUST-00314,Thaba Properties,2012/883132/07,Northern Cape,SME,banked,343988372.19,0.23,6110
CUST-00315,Rivonia Transport,2023/717181/07,Northern Cape,SME,banked,498852511.34,0.48,5510
CUST-00316,Bedfordview Consulting,1985/221707/07,KwaZulu-Natal,SME,banked,171861807.08,0.78,7111
CUST-00317,Stellenbosch Services,2010/202365/07,North West,Mid-Corp,banked,226497373.03,0.08,1512
CUST-00318,Centurion Textiles,1986/810032/07,KwaZulu-Natal,Large Corp,banked,370374497.61,0.52,7120
CUST-00319,Golden Solutions,2015/547080/07,North West,SME,banked,202821194.42,0.19,6411
CUST-00320,Rivonia Trading,2019/306909/07,North West,SME,banked,194723472.29,0.7,4520
CUST-00321,Berea Exports,1984/705393/07,Western Cape,Mid-Corp,banked,268676060.78,0.37,4520
CUST-00322,Ballito Engineering,1996/803281/07,North West,SME,banked,319734738.54,0.6,9700
CUST-00323,Rivonia Chemicals,1987/464825/07,Mpumalanga,Mid-Corp,banked,308872658.33,0.81,5510
CUST-00324,Polokwane Chemicals,1985/804758/07,KwaZulu-Natal,SME,banked,119667076.86,0.12,6110
CUST-00325,Upington Mining,2012/507333/07,Limpopo,SME,banked,287615619.41,0.42,6810
CUST-00326,Nelspruit Retail,2024/776604/07,KwaZulu-Natal,SME,banked,245076192.08,0.15,5610
CUST-00327,Umhlanga Steel,1983/476479/07,Gauteng,SME,banked,97966681.57,0.39,7120
CUST-00328,Franschhoek Textiles,2011/529008/07,North West,SME,banked,420025955.15,0.49,2310
CUST-00329,Port Elizabeth Trading,1994/406278/07,Gauteng,SME,banked,269035504.79,0.17,6420
CUST-00330,Franschhoek Engineering,2016/219754/07,Free State,Mid-Corp,banked,411729762.59,0.37,1512
CUST-00331,Umhlanga Retail,1993/545807/07,Western Cape,Mid-Corp,banked,327009015.34,0.25,1512
CUST-00332,Umhlanga Holdings,2002/956401/07,Western Cape,SME,banked,496981863.32,0.77,4711
CUST-00333,Valley Imports,2017/822608/07,Mpumalanga,Mid-Corp,banked,305325770.41,0.43,9700
CUST-00334,Waterberg Imports,1993/953047/07,Eastern Cape,Mid-Corp,banked,285252135.23,0.53,9700
CUST-00335,Hermanus Agriculture,2000/838253/07,Free State,SME,banked,134037861.61,0.85,2520
CUST-00336,Waterberg Exports,2006/162165/07,Free State,Mid-Corp,banked,63880640.22,0.86,4711
CUST-00337,Lowveld Motors,2000/968726/07,Eastern Cape,Mid-Corp,banked,338279159.57,0.49,8610
CUST-00338,Nelspruit Holdings,2020/534346/07,Limpopo,SME,banked,316997067.79,0.87,2310
CUST-00339,Rivonia Foods,1997/828449/07,Mpumalanga,SME,banked,244278217.98,0.58,2310
CUST-00340,Karoo Imports,2014/517035/07,Eastern Cape,Large Corp,banked,412511399.99,0.49,5610
CUST-00341,Waterberg Chemicals,2011/926596/07,Mpumalanga,Mid-Corp,banked,381245884.2,0.06,6420
CUST-00342,Protea Engineering,1990/562721/07,North West,SME,banked,479036868.77,0.21,2710
CUST-00343,Rustenburg Investments,1990/387330/07,Western Cape,Mid-Corp,banked,125569444.64,0.37,4100
CUST-00344,Table Mountain Enterprises,2020/420349/07,Eastern Cape,SME,banked,46053994.01,0.1,4520
CUST-00345,Stellenbosch Construction,1988/722518/07,Eastern Cape,SME,banked,222810904.95,0.02,5610
CUST-00346,Drakensberg Capital,2007/827744/07,KwaZulu-Natal,SME,banked,114858960.3,0.1,2520
CUST-00347,Bushveld Solutions,2003/413791/07,KwaZulu-Natal,SME,banked,406777277.91,0.87,2710
CUST-00348,Karoo Foods,2016/108886/07,KwaZulu-Natal,SME,banked,361354797.17,0.63,2710
CUST-00349,Bedfordview Steel,2023/563873/07,Eastern Cape,SME,banked,50682323.68,0.75,8610
CUST-00350,Bryanston Services,2007/429780/07,KwaZulu-Natal,SME,banked,322487973.81,0.25,9700
CUST-00351,Bloemfontein Freight,2018/398761/07,Gauteng,Mid-Corp,banked,329373482.36,0.31,7111
CUST-00352,Bloemfontein Foods,1992/884170/07,Limpopo,SME,banked,27757280.94,0.89,4711
CUST-00353,Paarl Enterprises,1987/352792/07,North West,Mid-Corp,banked,35970494.85,0.88,1110
CUST-00354,Fourways Consulting,2000/238394/07,Limpopo,Mid-Corp,banked,284406004.19,0.37,4100
CUST-00355,Stellenbosch Exports,1984/117500/07,Western Cape,SME,banked,108263597.79,0.91,6201
CUST-00356,Nelspruit Motors,2012/904373/07,Limpopo,SME,banked,201437566.62,0.64,7120
CUST-00357,Polokwane Mining,1997/187657/07,Free State,SME,banked,460501966.96,0.96,2710
CUST-00358,Nelspruit Exports,2021/814138/07,Western Cape,SME,banked,219024278.5,0.94,4711
CUST-00359,Table Mountain Properties,1985/555589/07,Western Cape,SME,banked,304611786.01,0.31,4100
CUST-00360,Waterberg Motors,1980/271790/07,North West,Large Corp,banked,261741178.68,0.78,4923
CUST-00361,Golden Services,1988/886197/07,Free State,Mid-Corp,banked,59469331.78,0.89,5610
CUST-00362,Kempton Holdings,2013/166974/07,Free State,Mid-Corp,banked,288537511.52,0.09,6420
CUST-00363,Table Mountain Energy,2016/274987/07,Mpumalanga,SME,banked,386777812.15,0.89,2520
CUST-00364,Franschhoek Trading,1982/112884/07,Eastern Cape,SME,banked,182306259.92,0.91,4100
CUST-00365,Springbok Retail,2021/539740/07,Eastern Cape,SME,banked,208420170.95,0.72,4923
CUST-00366,Karoo Chemicals,2003/225200/07,Northern Cape,Mid-Corp,banked,26809738.47,0.23,7111
CUST-00367,Ballito Capital,1998/911102/07,Free State,SME,banked,276769151.96,0.02,4520
CUST-00368,Sandton Chemicals,1999/875501/07,Eastern Cape,SME,banked,296049622.02,0.49,4520
CUST-00369,Azania Consulting,2006/125071/07,Eastern Cape,SME,banked,318152948.84,0.69,1110
CUST-00370,Rosebank Engineering,1993/655550/07,Eastern Cape,SME,banked,480611937.91,0.96,2710
CUST-00371,Berea Construction,1982/342716/07,Northern Cape,SME,banked,447841181.1,0.46,2310
CUST-00372,East London Engineering,2012/239999/07,Limpopo,SME,banked,284126453.78,0.44,2710
CUST-00373,Ubuntu Investments,1996/992247/07,Mpumalanga,Large Corp,banked,196779859.12,0.83,5610
CUST-00374,Midrand Transport,1997/344959/07,Western Cape,Large Corp,banked,68487867.29,0.76,2520
CUST-00375,Lowveld Engineering,1990/571404/07,North West,SME,banked,60808000.17,0.36,4520
CUST-00376,Umhlanga Investments,2009/377880/07,Western Cape,SME,banked,403894653.89,0.31,9700
CUST-00377,Springbok Manufacturing,2000/255528/07,Western Cape,Mid-Corp,banked,484215802.09,0.4,1512
CUST-00378,Thaba Group,1991/132591/07,Limpopo,Mid-Corp,banked,278198903.89,0.55,2520
CUST-00379,Waterberg Engineering,1980/164664/07,Eastern Cape,SME,banked,411924870.89,0.37,2310
CUST-00380,East London Chemicals,1996/952227/07,Western Cape,SME,banked,32703782.01,0.89,6420
CUST-00381,Centurion Engineering,1982/583388/07,Gauteng,SME,banked,287155157.8,0.82,6201
CUST-00382,Kempton Agriculture,2002/325146/07,KwaZulu-Natal,SME,banked,223282709.61,0.16,9700
CUST-00383,Polokwane Steel,1995/778720/07,Free State,SME,banked,441447897.79,0.48,2310
CUST-00384,Berea Enterprises,1988/539599/07,Eastern Cape,Mid-Corp,banked,398700371.97,0.25,7120
CUST-00385,Protea Enterprises,2002/602985/07,Northern Cape,Mid-Corp,banked,172345042.84,0.56,5610
CUST-00386,Cape Trading,2000/726121/07,Eastern Cape,SME,banked,405439338.17,0.29,6810
CUST-00387,East London Properties,1990/204998/07,Eastern Cape,Mid-Corp,banked,133630237.03,0.81,1512
CUST-00388,Sunrise Chemicals,2004/472039/07,KwaZulu-Natal,SME,banked,296463494.84,0.8,6110
CUST-00389,Upington Services,2016/690984/07,KwaZulu-Natal,SME,banked,94522715.62,0.98,6810
CUST-00390,Hermanus Investments,1991/614259/07,Gauteng,SME,banked,116695367.36,0.22,7111
CUST-00391,Stellenbosch Trading,2001/743966/07,Eastern Cape,Mid-Corp,banked,170709142.61,0.18,5610
CUST-00392,Lowveld Chemicals,1989/911982/07,Western Cape,Mid-Corp,banked,430404398.56,0.95,6110
CUST-00393,Centurion Investments,2000/243079/07,KwaZulu-Natal,Mid-Corp,banked,218715757.27,0.64,6810
CUST-00394,Rustenburg Solutions,1991/841535/07,Northern Cape,Mid-Corp,banked,464458181.89,0.78,4711
CUST-00395,Mahikeng Chemicals,1991/496764/07,Free State,Mid-Corp,banked,147611373.73,0.18,1110
CUST-00396,Upington Chemicals,2005/992083/07,Gauteng,SME,banked,159449347.47,0.8,9700
CUST-00397,Sunrise Textiles,2016/209167/07,North West,SME,banked,372798992.39,0.24,5610
CUST-00398,Golden Textiles,1985/961574/07,Mpumalanga,SME,banked,132973614.06,0.25,2310
CUST-00399,Menlyn Holdings,1986/855408/07,Gauteng,SME,banked,219390960.59,0.42,4100
CUST-00400,Bedfordview Energy,2004/468292/07,Northern Cape,SME,banked,414489085.29,0.78,8610
CUST-00401,Rustenburg Exports,2023/336540/07,KwaZulu-Natal,SME,banked,399697685.6,0.04,1110
CUST-00402,Midrand Holdings,1986/177804/07,Mpumalanga,SME,banked,188041213.1,0.73,7120
CUST-00403,Highveld Solutions,2018/743453/07,North West,Mid-Corp,banked,215946005.41,0.65,9700
CUST-00404,Centurion Manufacturing,1992/529161/07,Northern Cape,Mid-Corp,banked,365122015.83,0.27,5510
CUST-00405,Rosebank Properties,1986/152046/07,Limpopo,SME,banked,420007325.17,0.16,6110
CUST-00406,Highveld Investments,2022/755455/07,North West,SME,banked,13354978.52,0.18,5510
CUST-00407,Highveld Energy,1987/423331/07,Limpopo,SME,banked,447491302.96,0.27,7120
CUST-00408,Bryanston Agriculture,2003/499974/07,Mpumalanga,SME,banked,22786153.89,0.44,4923
CUST-00409,Sunrise Group,1997/691655/07,Gauteng,SME,banked,348387240.05,0.1,6110
CUST-00410,Hermanus Technologies,2017/338564/07,Northern Cape,SME,banked,193859495.39,0.52,7120
CUST-00411,Kimberley Capital,2010/700534/07,Eastern Cape,SME,banked,39938047.36,0.89,1512
CUST-00412,Franschhoek Chemicals,2013/939333/07,KwaZulu-Natal,SME,banked,378715783.44,0.18,4100
CUST-00413,Reef Mining,1982/543940/07,Western Cape,Large Corp,banked,217978926.14,0.99,2710
CUST-00414,Bloemfontein Holdings,2000/862422/07,Western Cape,SME,banked,278403919.88,0.55,4923
CUST-00415,Azania Imports,2024/753323/07,Northern Cape,Mid-Corp,banked,56703161.89,0.16,8610
CUST-00416,Bushveld Consulting,1986/690016/07,Western Cape,Mid-Corp,banked,433803896.25,0.87,6411
CUST-00417,Thaba Enterprises,2021/609172/07,North West,SME,banked,138069363.95,0.15,9700
CUST-00418,Kimberley Motors,2005/140666/07,Limpopo,Mid-Corp,banked,166081290.83,0.24,6810
CUST-00419,Berea Finance,2003/121215/07,Mpumalanga,Mid-Corp,banked,151875949.25,0.28,6810
CUST-00420,Sunrise Mining,1999/879850/07,North West,Mid-Corp,banked,160773723.5,0.72,9700
CUST-00421,Reef Transport,1993/963994/07,Limpopo,Mid-Corp,banked,379866900.97,0.86,1512
CUST-00422,Franschhoek Imports,1990/168804/07,Free State,Mid-Corp,banked,201990877.94,0.77,7111
CUST-00423,Cape Manufacturing,1992/977633/07,Gauteng,SME,banked,228496109.23,0.91,4520
CUST-00424,Berea Services,2009/629663/07,Limpopo,Mid-Corp,banked,62374493.02,0.04,6110
CUST-00425,Umhlanga Agriculture,2010/715388/07,Northern Cape,SME,banked,82175050.45,0.89,2310
CUST-00426,Sandton Trading,2004/152062/07,KwaZulu-Natal,Mid-Corp,banked,390025152.5,0.22,4711
CUST-00427,Rustenburg Properties,2023/316773/07,Free State,Mid-Corp,banked,256883976.26,0.86,1110
CUST-00428,Stellenbosch Consulting,1988/778818/07,KwaZulu-Natal,Mid-Corp,banked,4727631.69,0.26,5510
CUST-00429,Rustenburg Holdings,2007/494763/07,Mpumalanga,SME,banked,109495422.51,0.31,7111
CUST-00430,Polokwane Enterprises,2017/207282/07,Gauteng,SME,banked,331346548.54,0.84,6110
CUST-00431,Mossel Bay Textiles,2018/738635/07,Free State,SME,banked,54498213.03,0.07,4923
CUST-00432,Nelspruit Solutions,1997/373832/07,Free State,SME,banked,258888146.0,0.25,1512
CUST-00433,Bloemfontein Enterprises,2022/435109/07,KwaZulu-Natal,Mid-Corp,banked,327872584.95,0.99,4923
CUST-00434,Bedfordview Enterprises,2004/872519/07,Gauteng,SME,banked,497379488.18,0.81,5610
CUST-00435,Hermanus Textiles,2010/804505/07,Mpumalanga,SME,banked,422786912.5,0.83,7120
CUST-00436,Cape Investments,1986/593649/07,KwaZulu-Natal,Mid-Corp,banked,362730725.23,0.56,4100
CUST-00437,Kimberley Finance,2001/786224/07,Western Cape,SME,banked,112052298.73,0.86,6411
CUST-00438,Centurion Services,1996/714015/07,Free State,SME,banked,59331844.89,0.06,8610
CUST-00439,East London Steel,1984/595158/07,Eastern Cape,SME,banked,433815128.47,0.38,5510
CUST-00440,Bedfordview Chemicals,2009/250181/07,Mpumalanga,Mid-Corp,banked,90588206.17,0.09,5610
CUST-00441,Valley Exports,1990/704272/07,KwaZulu-Natal,SME,banked,381902798.97,0.1,9700
CUST-00442,Kempton Textiles,2007/522988/07,Limpopo,Large Corp,banked,191966551.82,0.05,4520
CUST-00443,Fourways Trading,2000/893612/07,Northern Cape,SME,banked,338535696.77,0.62,4711
CUST-00444,Sunrise Motors,2002/427252/07,KwaZulu-Natal,SME,banked,251916571.1,0.31,2310
CUST-00445,Springbok Investments,1998/578073/07,Northern Cape,SME,banked,169248658.03,0.88,2710
CUST-00446,Centurion Finance,2011/476701/07,Eastern Cape,SME,banked,453493670.98,0.81,1110
CUST-00447,Sunrise Properties,1988/321449/07,Gauteng,SME,banked,84907878.57,0.37,1512
CUST-00448,Bryanston Finance,2020/368214/07,Northern Cape,Mid-Corp,banked,297165071.9,0.06,2520
CUST-00449,Rustenburg Group,1981/150578/07,Western Cape,SME,banked,190436754.58,0.55,6810
CUST-00450,Valley Motors,2023/760929/07,Gauteng,SME,banked,331001455.76,0.66,4923
CUST-00451,Bedfordview Group,1986/636435/07,Western Cape,SME,banked,392487653.05,0.5,9700
CUST-00452,Reef Exports,1996/971889/07,Northern Cape,Large Corp,banked,179281957.36,0.41,4100
CUST-00453,Paarl Consulting,1993/821634/07,North West,SME,banked,1867630.53,0.67,2520
CUST-00454,Paarl Mining,1985/917392/07,Northern Cape,SME,banked,361926336.1,0.9,4711
CUST-00455,Thaba Transport,1983/204657/07,KwaZulu-Natal,Mid-Corp,banked,426198218.53,0.36,5610
CUST-00456,Kempton Freight,1987/199613/07,Gauteng,SME,banked,69628024.12,0.64,5610
CUST-00457,Menlyn Finance,2008/752011/07,Free State,Mid-Corp,banked,46929182.06,0.81,4100
CUST-00458,Drakensberg Enterprises,2005/578715/07,Free State,Mid-Corp,banked,345106264.36,0.48,6411
CUST-00459,Rustenburg Finance,1990/218548/07,KwaZulu-Natal,Mid-Corp,banked,29793874.63,0.93,4100
CUST-00460,Menlyn Steel,1981/817712/07,KwaZulu-Natal,SME,banked,244317327.11,0.88,6420
CUST-00461,Springbok Construction,1996/786789/07,Mpumalanga,SME,banked,434231969.79,0.52,8610
CUST-00462,Port Elizabeth Properties,2022/454733/07,Northern Cape,SME,banked,350439802.06,0.1,4711
CUST-00463,Mahikeng Pharma,2021/503572/07,KwaZulu-Natal,Mid-Corp,banked,279392946.23,0.98,1512
CUST-00464,Azania Textiles,1990/630126/07,North West,Mid-Corp,banked,434773109.49,0.08,6810
CUST-00465,Midrand Properties,2001/391668/07,Gauteng,SME,banked,275472537.08,0.38,4711
CUST-00466,Highveld Transport,2008/940183/07,North West,SME,banked,249478845.01,0.32,6810
CUST-00467,Rustenburg Trading,1986/523037/07,Limpopo,SME,banked,274774845.45,0.82,9700
CUST-00468,Polokwane Textiles,1999/633030/07,Northern Cape,SME,banked,335901448.2,0.94,6110
CUST-00469,Table Mountain Group,1994/985331/07,North West,SME,banked,383824491.73,0.6,6110
CUST-00470,Bushveld Exports,2022/332518/07,Gauteng,SME,banked,415027000.87,0.96,5510
CUST-00471,Fourways Motors,1986/148001/07,KwaZulu-Natal,SME,banked,411008410.63,0.74,6411
CUST-00472,Bushveld Holdings,2019/305438/07,Eastern Cape,SME,banked,426171088.7,0.22,4520
CUST-00473,Nelspruit Group,2023/717413/07,Western Cape,Mid-Corp,banked,225527046.18,0.66,7111
CUST-00474,Azania Foods,1983/680099/07,Limpopo,Mid-Corp,banked,241724515.79,0.51,4100
CUST-00475,Cape Freight,1988/208584/07,Limpopo,Mid-Corp,banked,303277306.59,0.33,6201
CUST-00476,Upington Exports,1995/386886/07,Limpopo,Large Corp,banked,485260579.13,0.45,2710
CUST-00477,Waterberg Technologies,2018/834018/07,Northern Cape,SME,banked,350896408.05,0.85,7120
CUST-00478,Nelspruit Manufacturing,1992/319899/07,Free State,Mid-Corp,banked,460635286.33,0.14,4100
CUST-00479,Franschhoek Retail,2024/767814/07,Mpumalanga,Mid-Corp,banked,380507124.9,0.56,8610
CUST-00480,Bedfordview Pharma,2014/399817/07,Limpopo,Mid-Corp,banked,261603628.11,0.03,2710
CUST-00481,Table Mountain Pharma,1983/309612/07,Free State,Mid-Corp,banked,80887229.47,0.29,4923
CUST-00482,Lowveld Group,1983/824141/07,Free State,SME,banked,270815457.67,0.36,6420
CUST-00483,Bushveld Steel,2023/875414/07,Northern Cape,Mid-Corp,banked,371335161.57,0.56,4711
CUST-00484,Table Mountain Consulting,2004/506380/07,Limpopo,Large Corp,banked,487923449.67,0.32,7120
CUST-00485,Sunrise Consulting,2020/838857/07,Mpumalanga,Mid-Corp,banked,273534260.78,0.6,4520
CUST-00486,Sandton Transport,1991/815819/07,Western Cape,SME,banked,87310668.36,0.51,6201
CUST-00487,Springbok Technologies,1997/683635/07,Free State,SME,banked,292201035.81,0.26,5610
CUST-00488,Ballito Motors,1989/141880/07,KwaZulu-Natal,Large Corp,banked,298641725.84,0.77,9700
CUST-00489,Mahikeng Investments,2011/928278/07,Northern Cape,SME,banked,392123708.56,0.32,4711
CUST-00490,Franschhoek Agriculture,2006/669460/07,Northern Cape,SME,banked,175026773.96,0.88,5610
CUST-00491,Sandton Manufacturing,2019/656268/07,North West,Large Corp,banked,411932356.26,0.97,1110
CUST-00492,Drakensberg Pharma,2002/567315/07,Eastern Cape,Large Corp,banked,307043697.98,0.62,1512
CUST-00493,Thaba Retail,1998/125905/07,Northern Cape,Mid-Corp,banked,187791542.06,0.8,6420
CUST-00494,Paarl Logistics,1998/783176/07,Eastern Cape,SME,banked,41631551.3,0.1,7120
CUST-00495,Nelspruit Construction,1993/802897/07,Eastern Cape,Mid-Corp,banked,212392621.24,0.11,7120
CUST-00496,Karoo Freight,2023/261223/07,Gauteng,SME,banked,166191830.05,0.1,1512
CUST-00497,Cape Imports,1996/685193/07,Western Cape,SME,banked,114208994.65,0.26,6201
CUST-00498,Umhlanga Textiles,2005/554059/07,Mpumalanga,SME,banked,336812716.8,0.53,9700
CUST-00499,Karoo Exports,2017/147727/07,Western Cape,SME,banked,251667056.98,0.29,5510
CUST-00500,Umhlanga Enterprises,2005/962057/07,Gauteng,SME,banked,266967148.02,0.14,6201
